{"stats":{"minecraft:custom":{"minecraft:jump":56,"minecraft:time_since_rest":330,"minecraft:leave_game":1,"minecraft:deaths":3,"minecraft:damage_dealt":545,"minecraft:sprint_one_cm":118,"minecraft:play_time":893,"minecraft:damage_taken":179,"minecraft:time_since_death":329,"minecraft:walk_one_cm":4105,"minecraft:total_world_time":893,"minecraft:fly_one_cm":1088,"minecraft:player_kills":2},"minecraft:killed":{"minecraft:player":2},"minecraft:killed_by":{"minecraft:player":1}},"DataVersion":3839}