{"stats":{"minecraft:killed":{"minecraft:shulker":1,"minecraft:chicken":4},"minecraft:dropped":{"minecraft:blue_stained_glass_pane":1,"minecraft:repeating_command_block":21,"minecraft:glow_ink_sac":2,"minecraft:lime_stained_glass":1,"minecraft:yellow_concrete":2,"minecraft:end_stone_brick_slab":1,"minecraft:barrier":4,"minecraft:feather":1,"minecraft:purple_concrete":3,"minecraft:lime_stained_glass_pane":1,"minecraft:command_block":61,"minecraft:bedrock":3,"minecraft:polished_blackstone_button":1,"minecraft:grass_block":1,"minecraft:rail":2,"minecraft:blue_dye":1,"minecraft:stone_button":11,"minecraft:polished_blackstone_pressure_plate":3,"minecraft:conduit":2,"minecraft:yellow_dye":1,"minecraft:repeater":18,"minecraft:white_concrete":9,"minecraft:white_banner":1,"minecraft:white_wool":1,"minecraft:redstone_block":3,"minecraft:armor_stand":1,"minecraft:redstone":27,"minecraft:red_concrete":3,"minecraft:anvil":1,"minecraft:lever":1,"minecraft:diamond_block":2,"minecraft:lime_concrete":2,"minecraft:andesite_slab":1,"minecraft:sticky_piston":3,"minecraft:chicken":3,"minecraft:oak_planks":2,"minecraft:blue_concrete":3,"minecraft:villager_spawn_egg":2,"minecraft:slime_block":3,"minecraft:end_stone":7,"minecraft:name_tag":1,"minecraft:light_gray_concrete":3,"minecraft:white_shulker_box":1,"minecraft:light_blue_concrete":4,"minecraft:oak_sign":37,"minecraft:shulker_box":1,"minecraft:cave_spider_spawn_egg":1,"minecraft:stone":2,"minecraft:black_concrete_powder":1,"minecraft:oak_wood":1,"minecraft:andesite":1,"minecraft:andesite_stairs":1,"minecraft:redstone_torch":1,"minecraft:painting":1,"minecraft:white_dye":2,"minecraft:powered_rail":3,"minecraft:glass":1,"minecraft:orange_stained_glass_pane":1,"minecraft:purple_stained_glass_pane":1},"minecraft:picked_up":{"minecraft:shulker_shell":1,"minecraft:chicken":3,"minecraft:lead":3,"minecraft:orange_stained_glass_pane":1,"minecraft:string":16,"minecraft:item_frame":3,"minecraft:oak_sign":11,"minecraft:egg":3,"minecraft:lime_shulker_box":5,"minecraft:big_dripleaf":3,"minecraft:stone_button":3,"minecraft:pointed_dripstone":27,"minecraft:redstone":14,"minecraft:black_banner":1,"minecraft:white_shulker_box":1,"minecraft:feather":1,"minecraft:tripwire_hook":1,"minecraft:leather":1,"minecraft:bedrock":2,"minecraft:map":1,"minecraft:lantern":1,"minecraft:white_banner":2,"minecraft:red_carpet":10,"minecraft:powered_rail":3,"minecraft:oak_planks":1,"minecraft:diamond_block":3,"minecraft:green_carpet":7,"minecraft:spider_eye":1,"minecraft:shulker_box":2,"minecraft:oak_wood":1,"minecraft:polished_blackstone_pressure_plate":2,"minecraft:lever":2,"minecraft:polished_blackstone_button":1,"minecraft:painting":2,"minecraft:white_concrete":1,"minecraft:spruce_sign":3,"minecraft:chorus_fruit":10,"minecraft:end_stone_brick_slab":1},"minecraft:mined":{"minecraft:glass":2},"minecraft:used":{"minecraft:azalea":4,"minecraft:oak_fence":51,"minecraft:moss_block":173,"minecraft:moss_carpet":1,"minecraft:nether_brick_fence":55,"minecraft:light_blue_stained_glass_pane":8,"minecraft:rose_bush":3,"minecraft:polished_deepslate":21,"minecraft:light_gray_stained_glass_pane":19,"minecraft:orange_concrete":17,"minecraft:ladder":25,"minecraft:red_concrete":210,"minecraft:redstone_ore":13,"minecraft:armor_stand":22,"minecraft:spruce_slab":99,"minecraft:redstone":1183,"minecraft:bone_block":69,"minecraft:poppy":8,"minecraft:oak_sign":528,"minecraft:spruce_planks":86,"minecraft:tinted_glass":114,"minecraft:chest":12,"minecraft:nether_wart":9,"minecraft:decorated_pot":3,"minecraft:ender_chest":14,"minecraft:white_terracotta":8,"minecraft:brown_concrete":63,"minecraft:stone":213,"minecraft:stripped_jungle_wood":1,"minecraft:creeper_head":1,"minecraft:white_shulker_box":2,"minecraft:player_head":157,"minecraft:green_terracotta":19,"minecraft:netherrack":260,"minecraft:debug_stick":67,"minecraft:orange_stained_glass":37,"minecraft:torch":12,"minecraft:end_stone_brick_wall":2,"minecraft:soul_sand":71,"minecraft:anvil":5,"minecraft:red_nether_brick_slab":2,"minecraft:light_blue_dye":4,"minecraft:hopper":3,"minecraft:blue_stained_glass":37,"minecraft:nether_quartz_ore":115,"minecraft:spruce_stairs":74,"minecraft:jungle_planks":39,"minecraft:nether_bricks":69,"minecraft:yellow_carpet":7,"minecraft:nether_brick_slab":16,"minecraft:jungle_slab":6,"minecraft:deepslate_tile_slab":7,"minecraft:shulker_box":1,"minecraft:bee_nest":4,"minecraft:oak_wood":48,"minecraft:tuff":31,"minecraft:jungle_trapdoor":23,"minecraft:weeping_vines":17,"minecraft:light_blue_stained_glass":106,"minecraft:blue_concrete":96,"minecraft:nether_brick_stairs":58,"minecraft:oak_fence_gate":4,"minecraft:obsidian":112,"minecraft:fern":3,"minecraft:purple_banner":5,"minecraft:big_dripleaf":30,"minecraft:andesite_wall":35,"minecraft:purple_stained_glass_pane":55,"minecraft:glass":97,"minecraft:dark_oak_planks":21,"minecraft:flowering_azalea":4,"minecraft:coal_ore":69,"minecraft:lava_bucket":3,"minecraft:bamboo_fence":9,"minecraft:light_gray_stained_glass":47,"minecraft:gray_dye":5,"minecraft:villager_spawn_egg":8,"minecraft:yellow_stained_glass":27,"minecraft:grass_block":386,"minecraft:red_wool":50,"minecraft:lantern":7,"minecraft:oak_stairs":408,"minecraft:slime_block":9,"minecraft:packed_mud":27,"minecraft:green_wool":7,"minecraft:copper_ore":15,"minecraft:crimson_roots":12,"minecraft:lime_dye":2,"minecraft:stone_brick_stairs":52,"minecraft:stone_bricks":28,"minecraft:item_frame":17,"minecraft:repeater":149,"minecraft:red_stained_glass_pane":16,"minecraft:bedrock":63,"minecraft:birch_button":8,"minecraft:tripwire_hook":10,"minecraft:purple_concrete":119,"minecraft:glowstone":150,"minecraft:snow":79,"minecraft:magma_block":16,"minecraft:red_carpet":159,"minecraft:lime_concrete":112,"minecraft:brown_carpet":9,"minecraft:black_stained_glass":66,"minecraft:tall_grass":1,"minecraft:scaffolding":10,"minecraft:emerald_block":72,"minecraft:iron_trapdoor":4,"minecraft:soul_soil":99,"minecraft:wolf_spawn_egg":1,"minecraft:furnace":6,"minecraft:lime_stained_glass":31,"minecraft:deepslate_tile_stairs":69,"minecraft:white_stained_glass_pane":75,"minecraft:gold_block":6,"minecraft:skeleton_skull":2,"minecraft:acacia_planks":1,"minecraft:red_dye":11,"minecraft:orange_stained_glass_pane":62,"minecraft:green_stained_glass_pane":21,"minecraft:pointed_dripstone":108,"minecraft:crimson_stem":24,"minecraft:short_grass":47,"minecraft:emerald_ore":2,"minecraft:water_bucket":89,"minecraft:end_rod":10,"minecraft:pink_tulip":2,"minecraft:iron_ore":67,"minecraft:spruce_door":4,"minecraft:wither_skeleton_skull":26,"minecraft:prismarine_brick_slab":1,"minecraft:snow_block":19,"minecraft:stripped_birch_log":8,"minecraft:red_stained_glass":27,"minecraft:powered_rail":35,"minecraft:blackstone_stairs":13,"minecraft:oak_planks":471,"minecraft:red_nether_bricks":21,"minecraft:blue_wool":3,"minecraft:pink_banner":10,"minecraft:andesite_slab":73,"minecraft:blackstone":23,"minecraft:redstone_block":42,"minecraft:blue_concrete_powder":1,"minecraft:end_stone_brick_slab":18,"minecraft:spruce_sign":9,"minecraft:white_dye":32,"minecraft:clay":181,"minecraft:glow_ink_sac":40,"minecraft:gold_ore":24,"minecraft:deepslate_bricks":3,"minecraft:glow_berries":46,"minecraft:conduit":35,"minecraft:lime_stained_glass_pane":10,"minecraft:oak_leaves":75,"minecraft:pink_concrete":7,"minecraft:polished_blackstone_pressure_plate":62,"minecraft:white_wool":315,"minecraft:glow_item_frame":3,"minecraft:diamond_block":132,"minecraft:blue_dye":10,"minecraft:lime_terracotta":18,"minecraft:rail":43,"minecraft:comparator":4,"minecraft:light_blue_concrete":314,"minecraft:oak_slab":82,"minecraft:dark_prismarine_slab":9,"minecraft:crafting_table":4,"minecraft:red_bed":7,"minecraft:green_dye":14,"minecraft:yellow_concrete":256,"minecraft:light_blue_wool":1,"minecraft:birch_sign":3,"minecraft:black_banner":28,"minecraft:yellow_stained_glass_pane":16,"minecraft:cave_spider_spawn_egg":2,"minecraft:campfire":3,"minecraft:sponge":28,"minecraft:gray_concrete":2,"minecraft:dripstone_block":15,"minecraft:lime_shulker_box":5,"minecraft:painting":55,"minecraft:black_concrete_powder":163,"minecraft:piglin_head":16,"minecraft:end_stone":748,"minecraft:cobbled_deepslate_stairs":6,"minecraft:bamboo_button":3,"minecraft:cyan_stained_glass":9,"minecraft:deepslate_brick_stairs":4,"minecraft:lightning_rod":1,"minecraft:nether_gold_ore":110,"minecraft:deepslate_tile_wall":9,"minecraft:redstone_torch":3,"minecraft:oak_log":43,"minecraft:deepslate_tiles":22,"minecraft:purple_stained_glass":102,"minecraft:flower_pot":1,"minecraft:sticky_piston":63,"minecraft:blue_stained_glass_pane":12,"minecraft:yellow_dye":11,"minecraft:piston":2,"minecraft:green_concrete":41,"minecraft:lever":11,"minecraft:ender_eye":9,"minecraft:light":47,"minecraft:black_concrete":455,"minecraft:cornflower":8,"minecraft:command_block":320,"minecraft:light_gray_concrete":109,"minecraft:stripped_bamboo_block":9,"minecraft:gray_stained_glass_pane":3,"minecraft:zombie_head":2,"minecraft:barrier":626,"minecraft:brown_stained_glass":21,"minecraft:string":8,"minecraft:stone_button":68,"minecraft:lapis_ore":13,"minecraft:detector_rail":2,"minecraft:spore_blossom":21,"minecraft:cyan_concrete":17,"minecraft:spruce_trapdoor":19,"minecraft:gravel":13,"minecraft:diamond_ore":5,"minecraft:bamboo_slab":10,"minecraft:purple_dye":15,"minecraft:crimson_nylium":158,"minecraft:blackstone_slab":28,"minecraft:green_carpet":13,"minecraft:nether_wart_block":180,"minecraft:brown_stained_glass_pane":23,"minecraft:wooden_sword":1,"minecraft:crimson_fungus":4,"minecraft:light_blue_concrete_powder":11,"minecraft:mud_brick_wall":1,"minecraft:red_concrete_powder":1,"minecraft:white_banner":14,"minecraft:stripped_oak_wood":411,"minecraft:andesite_stairs":78,"minecraft:green_concrete_powder":9,"minecraft:white_stained_glass":521,"minecraft:andesite":310,"minecraft:chain":56,"minecraft:repeating_command_block":53,"minecraft:end_portal_frame":13,"minecraft:polished_blackstone_button":9,"minecraft:white_concrete":1501,"minecraft:dandelion":8,"minecraft:chorus_plant":111,"minecraft:splash_potion":54,"minecraft:cobweb":28,"minecraft:green_stained_glass":71},"minecraft:custom":{"minecraft:mob_kills":12,"minecraft:interact_with_anvil":6,"minecraft:inspect_hopper":7,"minecraft:interact_with_crafting_table":2,"minecraft:open_shulker_box":12,"minecraft:leave_game":55,"minecraft:time_since_death":61528,"minecraft:climb_one_cm":15234,"minecraft:sprint_one_cm":1221879,"minecraft:walk_one_cm":1438243,"minecraft:drop":280,"minecraft:play_time":2225997,"minecraft:deaths":8,"minecraft:sneak_time":97987,"minecraft:walk_under_water_one_cm":1878,"minecraft:jump":6440,"minecraft:walk_on_water_one_cm":7437,"minecraft:total_world_time":2254179,"minecraft:interact_with_furnace":3,"minecraft:pot_flower":3,"minecraft:time_since_rest":61529,"minecraft:open_enderchest":1,"minecraft:damage_taken":9280,"minecraft:minecart_one_cm":1755,"minecraft:damage_dealt":1568,"minecraft:fly_one_cm":10644111,"minecraft:open_chest":16,"minecraft:crouch_one_cm":125420,"minecraft:fall_one_cm":92009}},"DataVersion":3953}