{"stats":{"minecraft:custom":{"minecraft:jump":262,"minecraft:time_since_rest":10763,"minecraft:leave_game":1,"minecraft:walk_on_water_one_cm":43,"minecraft:damage_dealt":179,"minecraft:crouch_one_cm":957,"minecraft:deaths":3,"minecraft:sprint_one_cm":25539,"minecraft:play_time":21021,"minecraft:damage_taken":765,"minecraft:time_since_death":10736,"minecraft:walk_one_cm":34327,"minecraft:sneak_time":418,"minecraft:total_world_time":21021,"minecraft:drop":1,"minecraft:fall_one_cm":8271,"minecraft:fly_one_cm":20686,"minecraft:player_kills":1},"minecraft:killed_by":{"minecraft:player":2},"minecraft:picked_up":{"minecraft:shulker_box":2},"minecraft:dropped":{"minecraft:shulker_box":1}},"DataVersion":3839}