{"stats":{"minecraft:picked_up":{"minecraft:painting":1},"minecraft:used":{"minecraft:painting":1},"minecraft:dropped":{"minecraft:painting":1},"minecraft:custom":{"minecraft:jump":228,"minecraft:time_since_rest":50713,"minecraft:damage_taken":38889,"minecraft:leave_game":4,"minecraft:crouch_one_cm":2850,"minecraft:time_since_death":50712,"minecraft:play_time":276000,"minecraft:sprint_one_cm":60329,"minecraft:walk_one_cm":72249,"minecraft:walk_on_water_one_cm":282,"minecraft:deaths":2,"minecraft:sneak_time":1465,"minecraft:total_world_time":276000,"minecraft:climb_one_cm":169,"minecraft:walk_under_water_one_cm":143,"minecraft:fall_one_cm":359361,"minecraft:drop":1,"minecraft:fly_one_cm":112448}},"DataVersion":3839}