{"stats":{"minecraft:mined":{"minecraft:spruce_log":1},"minecraft:picked_up":{"minecraft:elytra":1,"minecraft:smooth_stone_slab":1,"minecraft:light_weighted_pressure_plate":2,"minecraft:command_block":5,"minecraft:lime_concrete_powder":1,"minecraft:lime_concrete":1,"minecraft:grass_block":1,"minecraft:firework_rocket":1280},"minecraft:used":{"minecraft:oak_fence":75,"minecraft:moss_block":175,"minecraft:oak_trapdoor":15,"minecraft:moss_carpet":2,"minecraft:jungle_leaves":2,"minecraft:iron_bars":88,"minecraft:orange_concrete":51,"minecraft:carved_pumpkin":1,"minecraft:red_concrete":26,"minecraft:spruce_slab":9,"minecraft:redstone":61,"minecraft:ladder":30,"minecraft:elytra":1,"minecraft:oak_sign":3,"minecraft:mycelium":1,"minecraft:chest":2,"minecraft:stone":2473,"minecraft:zombie_spawn_egg":1,"minecraft:smooth_sandstone_stairs":1,"minecraft:sandstone_wall":11,"minecraft:stone_hoe":3,"minecraft:farmland":53,"minecraft:oak_door":4,"minecraft:spruce_leaves":2,"minecraft:soul_sand":1,"minecraft:dirt":1410,"minecraft:red_nether_brick_slab":1,"minecraft:lily_of_the_valley":2,"minecraft:brick_slab":1,"minecraft:prismarine_bricks":29,"minecraft:carrot":37,"minecraft:orange_wool":9,"minecraft:yellow_carpet":1,"minecraft:bee_nest":4,"minecraft:polished_granite_slab":2,"minecraft:glow_lichen":32,"minecraft:blue_concrete":111,"minecraft:milk_bucket":7,"minecraft:small_dripleaf":1,"minecraft:big_dripleaf":18,"minecraft:shroomlight":154,"minecraft:jungle_sapling":3,"minecraft:stone_brick_slab":7,"minecraft:honey_block":9,"minecraft:sea_lantern":13,"minecraft:lava_bucket":920,"minecraft:bricks":21,"minecraft:red_tulip":1,"minecraft:bookshelf":4,"minecraft:mangrove_stairs":8,"minecraft:grass_block":2100,"minecraft:red_wool":6,"minecraft:lantern":3,"minecraft:iron_block":1,"minecraft:light_weighted_pressure_plate":31,"minecraft:oak_stairs":33,"minecraft:rooted_dirt":183,"minecraft:slime_block":18,"minecraft:dark_oak_slab":5,"minecraft:bedrock":7,"minecraft:repeater":38,"minecraft:lime_concrete":128,"minecraft:red_carpet":2,"minecraft:redstone_lamp":3,"minecraft:magma_block":12,"minecraft:snow":649,"minecraft:tall_grass":1,"minecraft:warped_fungus":7,"minecraft:hay_block":6,"minecraft:emerald_block":24,"minecraft:furnace":1,"minecraft:oak_sapling":11,"minecraft:gold_block":21,"minecraft:orange_terracotta":111,"minecraft:pumpkin":2,"minecraft:large_fern":2,"minecraft:bamboo_planks":130,"minecraft:hanging_roots":12,"minecraft:pointed_dripstone":4,"minecraft:light_blue_carpet":1,"minecraft:wheat_seeds":34,"minecraft:emerald_ore":31,"minecraft:water_bucket":264,"minecraft:diorite":12,"minecraft:end_rod":2,"minecraft:cobblestone_stairs":35,"minecraft:dirt_path":5,"minecraft:snow_block":2,"minecraft:lime_wool":14,"minecraft:oak_planks":36,"minecraft:cactus":13,"minecraft:blue_wool":8,"minecraft:andesite_slab":5,"minecraft:smooth_sandstone_slab":27,"minecraft:lime_concrete_powder":13,"minecraft:sandstone":38,"minecraft:blue_concrete_powder":9,"minecraft:red_mushroom_block":14,"minecraft:brown_mushroom":6,"minecraft:redstone_block":14,"minecraft:clay":364,"minecraft:stonecutter":1,"minecraft:sugar_cane":16,"minecraft:cobblestone_slab":71,"minecraft:snow_golem_spawn_egg":2,"minecraft:oak_leaves":12,"minecraft:white_wool":25,"minecraft:dark_oak_trapdoor":3,"minecraft:diamond_block":70,"minecraft:golden_hoe":36,"minecraft:orange_carpet":1,"minecraft:sand":115,"minecraft:comparator":4,"minecraft:terracotta":677,"minecraft:yellow_terracotta":81,"minecraft:oak_slab":23,"minecraft:cut_sandstone_slab":1,"minecraft:tnt":13,"minecraft:crafting_table":1,"minecraft:red_bed":1,"minecraft:red_mushroom":11,"minecraft:light_blue_wool":16,"minecraft:blue_ice":7,"minecraft:campfire":1,"minecraft:dripstone_block":884,"minecraft:stone_brick_wall":20,"minecraft:spruce_log":22,"minecraft:mushroom_stem":8,"minecraft:redstone_torch":8,"minecraft:oak_log":50,"minecraft:sticky_piston":1,"minecraft:piston":8,"minecraft:lever":30,"minecraft:green_concrete":110,"minecraft:red_sandstone":993,"minecraft:firework_rocket":3,"minecraft:daylight_detector":4,"minecraft:diamond_shovel":79,"minecraft:chiseled_sandstone":40,"minecraft:lime_carpet":8,"minecraft:command_block":29,"minecraft:birch_slab":2,"minecraft:barrier":63,"minecraft:string":19,"minecraft:spore_blossom":2,"minecraft:magenta_concrete":107,"minecraft:oak_pressure_plate":1,"minecraft:diamond_ore":28,"minecraft:iron_door":10,"minecraft:spruce_sapling":1,"minecraft:gravel":97,"minecraft:lilac":1,"minecraft:yellow_wool":10,"minecraft:blue_carpet":1,"minecraft:fire_coral_block":9,"minecraft:fire_charge":2,"minecraft:coal_block":12,"minecraft:crimson_fungus":5,"minecraft:cobblestone":65,"minecraft:potion":1,"minecraft:grindstone":6,"minecraft:andesite":302,"minecraft:sandstone_slab":2,"minecraft:chain":17,"minecraft:glass_pane":41,"minecraft:ice":65,"minecraft:smooth_stone_slab":209,"minecraft:polished_blackstone_button":4,"minecraft:purple_carpet":5,"minecraft:oak_hanging_sign":5,"minecraft:brown_mushroom_block":13,"minecraft:bone_meal":233,"minecraft:purple_wool":16,"minecraft:birch_stairs":3},"minecraft:killed":{"minecraft:snow_golem":2},"minecraft:dropped":{"minecraft:lime_concrete_powder":1,"minecraft:command_block":5,"minecraft:bedrock":1,"minecraft:grass_block":1,"minecraft:light_weighted_pressure_plate":2,"minecraft:smooth_stone_slab":1,"minecraft:lime_concrete":1},"minecraft:custom":{"minecraft:mob_kills":2,"minecraft:leave_game":14,"minecraft:time_since_death":1877,"minecraft:climb_one_cm":6699,"minecraft:sprint_one_cm":264817,"minecraft:walk_one_cm":624052,"minecraft:drop":12,"minecraft:play_time":729486,"minecraft:deaths":15,"minecraft:walk_under_water_one_cm":29168,"minecraft:sneak_time":23661,"minecraft:jump":4323,"minecraft:walk_on_water_one_cm":10121,"minecraft:total_world_time":757851,"minecraft:time_since_rest":1880,"minecraft:damage_taken":3760,"minecraft:damage_dealt":80,"minecraft:swim_one_cm":19696,"minecraft:fly_one_cm":1513485,"minecraft:open_chest":9,"minecraft:crouch_one_cm":31535,"minecraft:aviate_one_cm":84216,"minecraft:fall_one_cm":21756}},"DataVersion":3700}